Name,Age,Height,Weight,BMI
Roger,19,72,200,27.121913580246915
Kelly,23,64,140,24.0283203125
Brian,21,75,220,27.49511111111111
Joy,20,68,160,24.325259515570934
